Contry,Homosexuality,Abortion,Divorce,Sex before marriage,Suicide,For a man to beat his wife,Parents beating children,Violence against other people
Qatar,1.319811321,1.830188679,3.328301887,1.319811321,1.317924528,1.837735849,3.331132075,1.670754717
Zimbabwe,1.812666667,2.088,3.246666667,2.781333333,2.115333333,2.822,4.67,2.358
Sweden,7.988391376,7.610281924,8.092868988,8.657545605,4.195688226,1.330016584,1.452736318,2.124378109
Philippines,4.42408821,3.138252757,4.075487701,4.102629347,2.96179966,3.519524618,3.713921902,3.482173175
Iraq,1.632825719,2.368020305,3.898477157,-4,1.733502538,2.808798646,3.417935702,2.101522843
India,1.172109011,1.422784189,1.767738767,1.269334643,1.513135281,1.734593666,2.859808495,1.600049104
Colombia,3.273698264,1.88317757,4.180907877,4.919893191,1.632843792,1.38317757,3.487316422,1.598544974