Country,Q1,Q2,Q3,Q4,Q5,Q6,Q7,Q8
United_States,0.6921182430814952,Sweden,0.16983658075332642,value_2,0.39996363199315965,value_2,value_3,value_2
Sweden,0.902767694555223,value_4,0.41946926806122065,value_2,0.7558158154133707,value_2,value_2,value_3
